KEY,VALUE
xxiptx gmbh,XXLPHX GmbH
noer notru components ltd,NOER Notru COMPONENTS LTD
gleason-gleason,Gleason-Gleason
krajcik and sons,Krajcik and Sons
sloese retail operations,Sloese Retail Operations
ghwjex consulting,Ghwjex Consulting
daniel-daniel,Daniel-Daniel
collins group,Collins Group
rau group,Rau Group
"boehm, boehm and boehm","Boehm, Boehm and Boehm"
lucas-wang,Lucas-Wang LLC
upton-upton,Upton-Upton
"kuvalis, kuvalis and kuvalis","Kuvalis, Kuvalis and Kuvalis"
roob group,Roob Group
houeze inc,Houeze Inc
xyzq integration,XYZQ Integration
jeremy pavia,Jeremy Pavia
c/o great river miner,c/o Great River Miner
sleies security,Sleies Security
nkoe communications corp.,Nkoe Communications Corp.
daugherty-daugherty,Daugherty-Daugherty
juilie group s.p.a.,Juilie Group S.p.A.
happy day department,Happy Day Department
rempel group,Rempel Group
wilson-lewis,Wilson-Lewis
"hettinger, hettinger and hettinger","Hettinger, Hettinger and Hettinger"
indzara,INDZARA
dogs fly design,Dogs Fly Design
jones-jones,Jones-Jones
weber and sons,Weber and Sons
becky bedbug,Becky Bedbug
foxglove studios,Foxglove Studios
hamill-hamill,Hamill-Hamill
stanton and sons,Stanton and Sons
ntog. lnc.,Ning. lnc.
blanda inc,Blanda Inc
abc company,ABC Company
capetune limited,Capetune Limited
jenkins-hampton,JENKINS-HAMPTON
gaylord-gaylord,Gaylord-Gaylord
"abc cleaning, llc","ABC Cleaning, LLC"
"i'm graeme duckett          freelance design and development ",I'm Graeme Duckett Freelance Design And Development
bjsw construction,BJSW Construction
dibbert-dibbert,Dibbert-Dibbert
workfus,Workfusion
bergstrom inc,Bergstrom Inc
"stanton, stanton and stanton","Stanton, Stanton and Stanton"
juidesys,Juidesys
ferry llc,Ferry LLC
s/s$d tx,SADEX
nolke resort group,Nolke Resort Group
workfu,Workfu
alsoesl,Alsoesl
"sauer, sauer and sauer","Sauer, Sauer and Sauer"
wilderman-wilderman,Wilderman-Wilderman
murray inc,Murray Inc
hjdie therapist,Hjdie Therapist
acme shoe co.,Acme Shoe Co.
bjsiw works,Bjsiw Works
commerce,COMMERCE
abc goods lw,ABC Goods LW
workfusion,Workfusion
vhuejo s.a.,Vhuejo S.A.
hieje,Hieje
kuvalis group,Kuvalis Group
gibson inc,Gibson Inc
public ubraryol science,Public Library of Science
reed plc,REED PLC
"jidie, inc.","Jidie, Inc"
packaging corp. of east west america,Packaging Corp. of East West America
paymeout painters,Paymeout Painters
cooler maker consulting co,Cooler Maker Consulting Co
jerde*jerde,Jerde-Jerde
just creative,Just Creative
abcdefg travel,ABCDEFG TRAVEL
"vernerking, lnc.","VerNerking, lnc."
fadel group,Fadel Group
bergnaum-bergnaum,Bergnaum-Bergnaum
smith and sons,Smith and Sons
"davis, davis and davis","Davis, Davis and Davis"
"authorized vw dealer          tmp orls motors pvt ltd ",Authorized VW Dealer TMP Orls Motors Pvt Ltd
"hartmann, hartmann and hartmann","Hartmann, Hartmann and Hartmann"
kerluke-kerluke,Kerluke-Kerluke
osinski inc,Osinski Inc
m/s indian convent school,M/s Indian Convent School
o'conner llc,O'Conner LLC
workft,Workft
huels group,Huels Group
heidenreich-heidenreich,Heidenreich-Heidenreich
